aa_SNP	BA.2_present	BA.4_present	BA.5_present	Nucleotide position	BA.2	BA.4	BA.5	nuc_SNP
ORF1ab:L3201F	1	0	0	9866	T	C	C	C9866T
nuc:G12160A	0	1	1	12160	G	A	A	G12160A
S:HV69-	0	1	1	21765	T	-	-	del:21765:6
S:HV69-	0	1	1	21766	A	-	-	del:21765:6
S:HV69-	0	1	1	21767	C	-	-	del:21765:6
S:HV69-	0	1	1	21768	A	-	-	del:21765:6
S:HV69-	0	1	1	21769	T	-	-	del:21765:6
S:HV69-	0	1	1	21770	G	-	-	del:21765:6
S:R408S	1	1	1	22786	T	C	C	A22786
S:L452R	0	1	1	22917	T	G	G	T22917G
S:F486V	0	1	1	23018	T	G	G	T23018G
S:Q493R	1	0	0	23040	G	A	A	A23040G
M:D3N	0	0	1	26529	G	G	A	G26529A
nuc:C26858T	1	1	0	26858	T	T	C	C26858T
ORF6:D61L	1	1	0	27382	C	C	G	G27382C
ORF6:D61L	1	1	0	27383	T	T	A	A27383T
ORF6:D61L	1	1	0	27384	C	C	T	T27384C
nuc:G27788T	0	1	0	27788	G	T	G	G27788T
N:P151S	0	1	0	28724	C	T	C	C28724T